signal_date,ticker,adj_close_t,market_cap,book_equity,ttm_net_income,pb,ep,size_signal,pb_signal,ep_signal,rank_size,rank_pb,rank_ep,ff3_score
2018-01-31,AAPL,8.787497058741033,841365404880.0,134047000000.0,48351000000.0,6.27664479533298,0.05746730222036652,-841365404880.0,-6.27664479533298,0.05746730222036652,4.0,1.0,1.0,6.0
2018-01-31,MSFT,87.18409729003906,731386980000.0,89647000000.0,24842000000.0,8.158521534462949,0.0339656032706516,-731386980000.0,-8.158521534462949,0.0339656032706516,3.0,2.0,2.0,7.0
2018-01-31,ADBE,199.7600000000027,98294105360.0,8459869000.0,1693954000.0,11.618868490753226,0.017233525792782086,-98294105360.0,-11.618868490753226,0.017233525792782086,1.0,3.0,4.0,8.0
2018-01-31,NVDA,6.076589584350586,149076000000.0,6352000000.0,2582000000.0,23.4691435768262,0.01732002468539537,-149076000000.0,-23.4691435768262,0.01732002468539537,2.0,4.0,3.0,9.0
2018-02-28,AAPL,9.498619075607392,895031091240.0,140199000000.0,50525000000.0,6.3840048162968355,0.05645055294112891,-895031091240.0,-6.3840048162968355,0.05645055294112891,5.0,1.0,1.0,7.0
2018-02-28,ADBE,209.1300000000028,102904716930.0,8459869000.0,1693954000.0,12.163866477128664,0.016461383409200735,-102904716930.0,-12.163866477128664,0.016461383409200735,2.0,3.0,4.0,9.0
2018-02-28,MSFT,86.45040130615234,721841460000.0,78360000000.0,12273000000.0,9.211861408882083,0.017002348410411337,-721841460000.0,-9.211861408882083,0.017002348410411337,4.0,2.0,3.0,9.0
2018-02-28,AMD,12.109999999999904,11722480000.0,596000000.0,47000000.0,19.668590604026846,0.004009390504398387,-11722480000.0,-19.668590604026846,0.004009390504398387,1.0,4.0,5.0,10.0
2018-02-28,NVDA,5.986363410949707,146652000000.0,6352000000.0,2582000000.0,23.087531486146094,0.01760630608515397,-146652000000.0,-23.087531486146094,0.01760630608515397,3.0,5.0,2.0,10.0
2018-03-29,AAPL,8.948283633993485,843174360600.0,140199000000.0,50525000000.0,6.014125354674427,0.05992236287171562,-843174360600.0,-6.014125354674427,0.05992236287171562,5.0,1.0,1.0,7.0
2018-03-29,ADBE,216.0800000000029,106292777120.0,8634028000.0,1878584000.0,12.310914108687163,0.017673675021955246,-106292777120.0,-12.310914108687163,0.017673675021955246,2.0,3.0,3.0,8.0
2018-03-29,AMD,10.049999999999924,9728400000.0,596000000.0,47000000.0,16.322818791946307,0.004831215821717857,-9728400000.0,-16.322818791946307,0.004831215821717857,1.0,4.0,5.0,10.0
2018-03-29,MSFT,84.14556121826172,702596460000.0,78360000000.0,12273000000.0,8.966264165390506,0.017468064100408364,-702596460000.0,-8.966264165390506,0.017468064100408364,4.0,2.0,4.0,10.0
2018-03-29,NVDA,5.728850841522217,140349600000.0,7471000000.0,3047000000.0,18.785918886360594,0.021710072561660312,-140349600000.0,-18.785918886360594,0.021710072561660312,3.0,5.0,2.0,10.0
2018-04-30,AAPL,8.813899398250552,806924561760.0,140199000000.0,50525000000.0,5.755565744120857,0.06261427944366803,-806924561760.0,-5.755565744120857,0.06261427944366803,5.0,1.0,1.0,7.0
2018-04-30,ADBE,221.600000000003,109008142400.0,8634028000.0,1878584000.0,12.625409878216749,0.017233428243430007,-109008142400.0,-12.625409878216749,0.017233428243430007,2.0,3.0,4.0,9.0
2018-04-30,MSFT,86.21995544433594,718514160000.0,79239000000.0,14211000000.0,9.067683337750351,0.019778315851144812,-718514160000.0,-9.067683337750351,0.019778315851144812,4.0,2.0,3.0,9.0
2018-04-30,AMD,10.879999999999916,10575360000.0,596000000.0,47000000.0,17.743892617449664,0.004444293149358509,-10575360000.0,-17.743892617449664,0.004444293149358509,1.0,4.0,5.0,10.0
2018-04-30,NVDA,5.563361167907715,136453600000.0,7471000000.0,3047000000.0,18.264435818498193,0.022329934864305522,-136453600000.0,-18.264435818498193,0.022329934864305522,3.0,5.0,2.0,10.0
2018-05-31,AAPL,10.120059247871358,912379368960.0,126878000000.0,53318000000.0,7.190997406642602,0.05843841039585972,-912379368960.0,-7.190997406642602,0.05843841039585972,5.0,1.0,1.0,7.0
2018-05-31,ADBE,249.28000000000324,122624321920.0,8634028000.0,1878584000.0,14.20244663556801,0.015319831910879692,-122624321920.0,-14.20244663556801,0.015319831910879692,2.0,3.0,4.0,9.0
2018-05-31,MSFT,91.51963806152344,759387720000.0,79239000000.0,14211000000.0,9.583509635406807,0.0187137606070322,-759387720000.0,-9.583509635406807,0.0187137606070322,4.0,2.0,3.0,9.0
2018-05-31,AMD,13.729999999999894,13345560000.0,715000000.0,161000000.0,18.665118881118882,0.01206393736943223,-13345560000.0,-18.665118881118882,0.01206393736943223,1.0,4.0,5.0,10.0
2018-05-31,NVDA,6.242291450500488,152964000000.0,7717000000.0,3784000000.0,19.821692367500322,0.024737846813629352,-152964000000.0,-19.821692367500322,0.024737846813629352,3.0,5.0,2.0,10.0
2018-06-29,AAPL,10.024750470708184,903786755040.0,126878000000.0,53318000000.0,7.1232739721622345,0.058994004617427966,-903786755040.0,-7.1232739721622345,0.058994004617427966,5.0,1.0,1.0,7.0
2018-06-29,ADBE,243.810000000003,119472995250.0,8705583000.0,2167361000.0,13.723721346404945,0.018141011660959425,-119472995250.0,-13.723721346404945,0.018141011660959425,2.0,3.0,4.0,9.0
2018-06-29,MSFT,91.30667877197266,757620630000.0,79239000000.0,14211000000.0,9.5612088744179,0.018757408968654934,-757620630000.0,-9.5612088744179,0.018757408968654934,4.0,2.0,3.0,9.0
2018-06-29,NVDA,5.863828659057617,143737600000.0,7717000000.0,3784000000.0,18.626098224698715,0.026325749142882587,-143737600000.0,-18.626098224698715,0.026325749142882587,3.0,4.0,2.0,9.0
2018-06-29,AMD,14.989999999999878,14570280000.0,715000000.0,161000000.0,20.378013986013986,0.011049890599219781,-14570280000.0,-20.378013986013986,0.011049890599219781,1.0,5.0,5.0,11.0
2018-07-31,AAPL,10.304178476482027,854511707360.0,126878000000.0,53318000000.0,6.734908395151248,0.06239586835471815,-854511707360.0,-6.734908395151248,0.06239586835471815,5.0,1.0,1.0,7.0
2018-07-31,ADBE,244.68000000000316,119899317000.0,8705583000.0,2167361000.0,13.772692420484647,0.01807650830905067,-119899317000.0,-13.772692420484647,0.01807650830905067,2.0,3.0,3.0,8.0
2018-07-31,NVDA,6.06085729598999,149083200000.0,7717000000.0,3784000000.0,19.31880264351432,0.02538180022967041,-149083200000.0,-19.31880264351432,0.02538180022967041,3.0,4.0,2.0,9.0
2018-07-31,MSFT,98.22342681884766,813951840000.0,79239000000.0,14211000000.0,10.272111460265778,0.017459263928932208,-813951840000.0,-10.272111460265778,0.017459263928932208,4.0,2.0,4.0,10.0
2018-07-31,AMD,18.32999999999985,18091710000.0,715000000.0,161000000.0,25.30309090909091,0.008899103512050546,-18091710000.0,-25.30309090909091,0.008899103512050546,1.0,5.0,5.0,11.0
2018-08-31,AAPL,12.500780830089342,1022288443679.0,114949000000.0,56120000000.0,8.89340876109405,0.05489644370627529,-1022288443679.0,-8.89340876109405,0.05489644370627529,5.0,1.0,1.0,7.0
2018-08-31,ADBE,263.5100000000033,128657703460.0,8705583000.0,2167361000.0,14.77875789134398,0.016845948137678656,-128657703460.0,-14.77875789134398,0.016845948137678656,2.0,3.0,4.0,9.0
2018-08-31,MSFT,104.41080474853516,861908090000.0,82718000000.0,16571000000.0,10.419837157571507,0.019225947861795798,-861908090000.0,-10.419837157571507,0.019225947861795798,4.0,2.0,3.0,9.0
2018-08-31,NVDA,6.951286792755127,171007200000.0,8795000000.0,4302000000.0,19.443683911313247,0.02515683550166309,-171007200000.0,-19.443683911313247,0.02515683550166309,3.0,4.0,2.0,9.0
2018-08-31,AMD,25.169999999999806,24842790000.0,879000000.0,319000000.0,28.262559726962458,0.012840747758202683,-24842790000.0,-28.262559726962458,0.012840747758202683,1.0,5.0,5.0,11.0
2018-09-28,AAPL,12.397541206294893,1013845717120.0,114949000000.0,56120000000.0,8.81996117512984,0.055353589853314504,-1013845717120.0,-8.81996117512984,0.055353589853314504,5.0,1.0,1.0,7.0
2018-09-28,ADBE,269.9500000000032,131802007700.0,8861925000.0,2414083000.0,14.872841702000413,0.018315980478042445,-131802007700.0,-14.872841702000413,0.018315980478042445,2.0,3.0,4.0,9.0
2018-09-28,MSFT,106.30699920654297,877561010000.0,82718000000.0,16571000000.0,10.60906948910757,0.018883017603528215,-877561010000.0,-10.60906948910757,0.018883017603528215,4.0,2.0,3.0,9.0
2018-09-28,NVDA,6.959708213806152,171250800000.0,8795000000.0,4302000000.0,19.471381466742468,0.025121050529398985,-171250800000.0,-19.471381466742468,0.025121050529398985,3.0,4.0,2.0,9.0
2018-09-28,AMD,30.88999999999977,30488430000.0,879000000.0,319000000.0,34.685358361774746,0.010462985466945986,-30488430000.0,-34.685358361774746,0.010462985466945986,1.0,5.0,5.0,11.0
2018-10-31,AAPL,12.019728114962025,1036576281600.0,114949000000.0,56120000000.0,9.017705953074842,0.0541397685787064,-1036576281600.0,-9.017705953074842,0.0541397685787064,5.0,1.0,1.0,7.0
2018-10-31,ADBE,245.7600000000028,119991336960.0,8861925000.0,2414083000.0,13.540098450393115,0.020118810750519033,-119991336960.0,-13.540098450393115,0.020118810750519033,2.0,3.0,4.0,9.0
2018-10-31,MSFT,99.27993774414062,821582520000.0,85967000000.0,18819000000.0,9.556952318913071,0.022905794052190887,-821582520000.0,-9.556952318913071,0.022905794052190887,4.0,2.0,3.0,9.0
2018-10-31,NVDA,5.221389293670654,128377199999.0,8795000000.0,4302000000.0,14.596611711085844,0.03351062338198302,-128377199999.0,-14.596611711085844,0.03351062338198302,3.0,4.0,2.0,9.0
2018-10-31,AMD,18.209999999999877,18246420000.0,879000000.0,319000000.0,20.75815699658703,0.017482881573481265,-18246420000.0,-20.75815699658703,0.017482881573481265,1.0,5.0,5.0,11.0
2018-11-30,AAPL,9.945133176630293,845817452000.0,107147000000.0,59531000000.0,7.893990984348605,0.07038279933717896,-845817452000.0,-7.893990984348605,0.07038279933717896,4.0,1.0,1.0,6.0
2018-11-30,NVDA,4.05153751373291,99632400000.0,9475000000.0,4694000000.0,10.515292875989445,0.0471131880793798,-99632400000.0,-10.515292875989445,0.0471131880793798,2.0,3.0,2.0,7.0
2018-11-30,MSFT,103.51760864257812,852965880000.0,85967000000.0,18819000000.0,9.922015191875952,0.022063016166602115,-852965880000.0,-9.922015191875952,0.022063016166602115,5.0,2.0,3.0,10.0
2018-11-30,ADBE,250.89000000000283,122448369840.0,8861925000.0,2414083000.0,13.817355691906668,0.019715109340813743,-122448369840.0,-13.817355691906668,0.019715109340813743,3.0,4.0,4.0,11.0
2018-11-30,AMD,21.299999999999866,21342600000.0,1125000000.0,360000000.0,18.9712,0.016867673104495235,-21342600000.0,-18.9712,0.016867673104495235,1.0,5.0,5.0,11.0
2018-12-31,AAPL,8.784682026568834,737381440960.0,107147000000.0,59531000000.0,6.881960679813714,0.08073297847379551,-737381440960.0,-6.881960679813714,0.08073297847379551,4.0,1.0,1.0,6.0
2018-12-31,NVDA,3.3095531463623047,81362400000.0,9475000000.0,4694000000.0,8.587060686015832,0.057692496779839335,-81362400000.0,-8.587060686015832,0.057692496779839335,2.0,2.0,2.0,6.0
2018-12-31,ADBE,226.24000000000257,110417789440.0,8861925000.0,2414083000.0,12.459797328458546,0.0218631708916052,-110417789440.0,-12.459797328458546,0.0218631708916052,3.0,4.0,4.0,11.0
2018-12-31,AMD,18.45999999999988,19272240000.0,1125000000.0,360000000.0,17.13088,0.018679717562670454,-19272240000.0,-17.13088,0.018679717562670454,1.0,5.0,5.0,11.0
2018-12-31,MSFT,94.8172378540039,779245040000.0,85967000000.0,18819000000.0,9.064467062942757,0.024150298088519113,-779245040000.0,-9.064467062942757,0.024150298088519113,5.0,3.0,3.0,11.0
2019-01-31,AAPL,9.26801772630652,777952377240.0,117892000000.0,59431000000.0,6.598856387541139,0.07639413637483546,-777952377240.0,-6.598856387541139,0.07639413637483546,4.0,1.0,1.0,6.0
2019-01-31,NVDA,3.563656806945801,87165200000.0,9475000000.0,4694000000.0,9.199493403693932,0.053851766530679676,-87165200000.0,-9.199493403693932,0.053851766530679676,2.0,3.0,2.0,7.0
2019-01-31,MSFT,97.48709106445312,801186960000.0,92128000000.0,33541000000.0,8.696454498089615,0.04186413618114803,-801186960000.0,-8.696454498089615,0.04186413618114803,5.0,2.0,3.0,10.0
2019-01-31,ADBE,247.8200000000029,120950037920.0,9362114000.0,2590774000.0,12.919094760008264,0.021420199981364338,-120950037920.0,-12.919094760008264,0.021420199981364338,3.0,4.0,4.0,11.0
2019-01-31,AMD,24.409999999999837,25484040000.0,1125000000.0,360000000.0,22.65248,0.014126488578733984,-25484040000.0,-22.65248,0.014126488578733984,1.0,5.0,5.0,11.0
2019-02-28,AAPL,9.807443519141234,809362134360.0,117892000000.0,59431000000.0,6.865284619482238,0.07342942976569423,-809362134360.0,-6.865284619482238,0.07342942976569423,4.0,1.0,1.0,6.0
2019-02-28,NVDA,3.828148603439331,93720800000.0,9342000000.0,4141000000.0,10.032198672661101,0.04418442864337479,-93720800000.0,-10.032198672661101,0.04418442864337479,2.0,3.0,2.0,7.0
2019-02-28,MSFT,105.0284423828125,859494160000.0,92128000000.0,33541000000.0,9.329347863841612,0.0390241162313424,-859494160000.0,-9.329347863841612,0.0390241162313424,5.0,2.0,3.0,10.0
2019-02-28,ADBE,262.50000000000307,128114700000.0,9362114000.0,2590774000.0,13.68437726778375,0.020222300797644612,-128114700000.0,-13.68437726778375,0.020222300797644612,3.0,4.0,4.0,11.0
2019-02-28,AMD,23.529999999999838,24565320000.0,1266000000.0,337000000.0,19.40388625592417,0.01371852676863155,-24565320000.0,-19.40388625592417,0.01371852676863155,1.0,5.0,5.0,11.0
2019-03-29,AAPL,10.758962640887432,887886527160.0,117892000000.0,59431000000.0,7.5313551993349845,0.06693535511806492,-887886527160.0,-7.5313551993349845,0.06693535511806492,4.0,1.0,1.0,6.0
2019-03-29,NVDA,4.455998420715332,109017200000.0,9342000000.0,4141000000.0,11.669578248769,0.037984831751319975,-109017200000.0,-11.669578248769,0.037984831751319975,2.0,3.0,2.0,7.0
2019-03-29,MSFT,110.569091796875,904835680000.0,92128000000.0,33541000000.0,9.821505731156652,0.03706860896555273,-904835680000.0,-9.821505731156652,0.03706860896555273,5.0,2.0,3.0,10.0
2019-03-29,ADBE,266.490000000003,129923202150.0,9871485000.0,2681939000.0,13.161464779615224,0.02064249460926637,-129923202150.0,-13.161464779615224,0.02064249460926637,3.0,4.0,4.0,11.0
2019-03-29,AMD,25.51999999999981,26642880000.0,1266000000.0,337000000.0,21.044928909952606,0.01264878271418105,-26642880000.0,-21.044928909952606,0.01264878271418105,1.0,5.0,5.0,11.0
2019-04-30,AAPL,11.366122461430242,917234630440.0,117892000000.0,59431000000.0,7.780295782919961,0.0647936722270187,-917234630440.0,-7.780295782919961,0.0647936722270187,4.0,1.0,1.0,6.0
2019-04-30,NVDA,4.491734027862549,110350800000.0,9342000000.0,4141000000.0,11.81233140655106,0.0375257814170808,-110350800000.0,-11.81233140655106,0.0375257814170808,2.0,3.0,2.0,7.0
2019-04-30,MSFT,122.43789672851562,999743000000.0,94864000000.0,34926000000.0,10.538697503794907,0.03493497828942038,-999743000000.0,-10.538697503794907,0.03493497828942038,5.0,2.0,3.0,10.0
2019-04-30,ADBE,289.2500000000031,141019498750.0,9871485000.0,2681939000.0,14.28554049871929,0.019018213961705773,-141019498750.0,-14.28554049871929,0.019018213961705773,3.0,4.0,4.0,11.0
2019-04-30,AMD,27.6299999999998,29950920000.0,1266000000.0,337000000.0,23.657914691943127,0.011251741181906933,-29950920000.0,-23.657914691943127,0.011251741181906933,1.0,5.0,5.0,11.0
2019-05-31,AAPL,10.0710661517371,800226425640.0,105860000000.0,57170000000.0,7.559289870017004,0.07144227954516366,-800226425640.0,-7.559289870017004,0.07144227954516366,4.0,1.0,1.0,6.0
2019-05-31,NVDA,3.3654401302337646,82580400000.0,9704000000.0,3291000000.0,8.509934047815333,0.03985207143583708,-82580400000.0,-8.509934047815333,0.03985207143583708,2.0,2.0,2.0,6.0
2019-05-31,ADBE,270.9000000000029,131616223199.0,9871485000.0,2681939000.0,13.332970996663622,0.02037696368133117,-131616223199.0,-13.332970996663622,0.02037696368133117,3.0,4.0,4.0,11.0
2019-05-31,AMD,27.40999999999981,29712440000.0,1788000000.0,272000000.0,16.617695749440717,0.00915441478384138,-29712440000.0,-16.617695749440717,0.00915441478384138,1.0,5.0,5.0,11.0
2019-05-31,MSFT,116.37956237792969,946770400000.0,94864000000.0,34926000000.0,9.980291786135941,0.03688961970082715,-946770400000.0,-9.980291786135941,0.03688961970082715,5.0,3.0,3.0,11.0
2019-06-28,AAPL,11.384883554671047,904619683360.0,105860000000.0,57170000000.0,8.54543437899112,0.06319782893475774,-904619683360.0,-8.54543437899112,0.06319782893475774,4.0,1.0,1.0,6.0
2019-06-28,NVDA,4.080216884613037,100119600000.0,9704000000.0,3291000000.0,10.317353668590272,0.03287068665875613,-100119600000.0,-10.317353668590272,0.03287068665875613,2.0,2.0,3.0,7.0
2019-06-28,MSFT,126.0527572631836,1025463800000.0,94864000000.0,34926000000.0,10.80983091583741,0.03405873517914528,-1025463800000.0,-10.80983091583741,0.03405873517914528,5.0,3.0,2.0,10.0
2019-06-28,ADBE,294.6500000000031,143155113200.0,9931693000.0,2651365000.0,14.413968816796894,0.01852092419706878,-143155113200.0,-14.413968816796894,0.01852092419706878,3.0,4.0,4.0,11.0
2019-06-28,AMD,30.369999999999774,32921080000.0,1788000000.0,272000000.0,18.412237136465325,0.0082621833791601,-32921080000.0,-18.412237136465325,0.0082621833791601,1.0,5.0,5.0,11.0
2019-07-31,AAPL,12.254626073601056,983783355360.0,105860000000.0,57170000000.0,9.293249153221236,0.05811238794447741,-983783355360.0,-9.293249153221236,0.05811238794447741,4.0,1.0,1.0,6.0
2019-07-31,NVDA,4.191768646240234,102968000000.0,9704000000.0,3291000000.0,10.610882110469909,0.03196138606168907,-102968000000.0,-10.610882110469909,0.03196138606168907,2.0,2.0,3.0,7.0
2019-07-31,MSFT,128.22640991210938,1040285180000.0,94864000000.0,34926000000.0,10.966069109461966,0.03357348607042542,-1040285180000.0,-10.966069109461966,0.03357348607042542,5.0,3.0,2.0,10.0
2019-07-31,ADBE,298.86000000000325,145200533280.0,9931693000.0,2651365000.0,14.619917599144475,0.018260022467597923,-145200533280.0,-14.619917599144475,0.018260022467597923,3.0,4.0,4.0,11.0
2019-07-31,AMD,30.44999999999976,33403650000.0,1788000000.0,272000000.0,18.68213087248322,0.008142822715481692,-33403650000.0,-18.68213087248322,0.008142822715481692,1.0,5.0,5.0,11.0
2019-08-30,NVDA,4.165827751159668,102236000000.0,10336000000.0,2742000000.0,9.89125386996904,0.0268202981337298,-102236000000.0,-9.89125386996904,0.0268202981337298,2.0,1.0,3.0,6.0
2019-08-30,AAPL,12.192438876790966,964019025840.0,96456000000.0,55695000000.0,9.994391492908683,0.057773756022574396,-964019025840.0,-9.994391492908683,0.057773756022574396,4.0,2.0,1.0,7.0
2019-08-30,MSFT,130.15455627441406,1052423240000.0,102330000000.0,39240000000.0,10.284601192221245,0.03728537959690058,-1052423240000.0,-10.284601192221245,0.03728537959690058,5.0,3.0,2.0,10.0
2019-08-30,ADBE,284.51000000000295,137626306810.0,9931693000.0,2651365000.0,13.857285642035048,0.0192649578518469,-137626306810.0,-13.857285642035048,0.0192649578518469,3.0,4.0,4.0,11.0
2019-08-30,AMD,31.44999999999977,34500650000.0,1901000000.0,191000000.0,18.1486849026828,0.005536127580205011,-34500650000.0,-18.1486849026828,0.005536127580205011,1.0,5.0,5.0,11.0
2019-09-30,AAPL,13.08018112112524,988792358400.0,96456000000.0,55695000000.0,10.2512270714108,0.056326284812841854,-988792358400.0,-10.2512270714108,0.056326284812841854,4.0,1.0,1.0,6.0
2019-09-30,NVDA,4.328968048095703,106139999999.0,10336000000.0,2742000000.0,10.268962848200465,0.025833804409514168,-106139999999.0,-10.268962848200465,0.025833804409514168,2.0,2.0,3.0,7.0
2019-09-30,MSFT,131.25914001464844,1059547630000.0,102330000000.0,39240000000.0,10.354222906283592,0.03703467299530461,-1059547630000.0,-10.354222906283592,0.03703467299530461,5.0,3.0,2.0,10.0
2019-09-30,ADBE,276.2500000000029,133630688750.0,10242773000.0,2777837000.0,13.046338989451392,0.02078741811468812,-133630688750.0,-13.046338989451392,0.02078741811468812,3.0,4.0,4.0,11.0
2019-09-30,AMD,28.98999999999979,33048600000.0,1901000000.0,191000000.0,17.38485007890584,0.005779367355954564,-33048600000.0,-17.38485007890584,0.005779367355954564,1.0,5.0,5.0,11.0
2019-10-31,MSFT,135.35655212402344,1092622770000.0,106061000000.0,41094000000.0,10.30183356747532,0.03761041882735063,-1092622770000.0,-10.30183356747532,0.03761041882735063,4.0,1.0,2.0,7.0
2019-10-31,NVDA,4.999191761016846,123134400000.0,10336000000.0,2742000000.0,11.913157894736843,0.02226835068023233,-123134400000.0,-11.913157894736843,0.02226835068023233,2.0,2.0,3.0,7.0
2019-10-31,AAPL,14.528602677670634,1098285350400.0,90488000000.0,55256000000.0,12.13735910175935,0.0503111509043397,-1098285350400.0,-12.13735910175935,0.0503111509043397,5.0,3.0,1.0,9.0
2019-10-31,ADBE,277.9300000000029,134443356830.0,10242773000.0,2777837000.0,13.125679621133846,0.02066176466801926,-134443356830.0,-13.125679621133846,0.02066176466801926,3.0,4.0,4.0,11.0
2019-10-31,AMD,33.92999999999975,38680200000.0,2176000000.0,209000000.0,17.775827205882354,0.005403281265350231,-38680200000.0,-17.775827205882354,0.005403281265350231,1.0,5.0,5.0,11.0
2019-11-29,MSFT,143.4051971435547,1153666980000.0,106061000000.0,41094000000.0,10.877391123975825,0.035620331267520546,-1153666980000.0,-10.877391123975825,0.035620331267520546,4.0,1.0,2.0,7.0
2019-11-29,NVDA,5.394110679626465,132681600000.0,11214000000.0,2411000000.0,11.831781701444623,0.018171321419096543,-132681600000.0,-11.831781701444623,0.018171321419096543,2.0,2.0,4.0,8.0
2019-11-29,AAPL,15.793203153127108,1179875289600.0,90488000000.0,55256000000.0,13.03902494916453,0.04683206817453803,-1179875289600.0,-13.03902494916453,0.04683206817453803,5.0,3.0,1.0,9.0
2019-11-29,ADBE,309.53000000000304,149193460000.0,10242773000.0,2777837000.0,14.565729417219341,0.018619026598082785,-149193460000.0,-14.565729417219341,0.018619026598082785,3.0,4.0,3.0,10.0
2019-11-29,AMD,39.14999999999973,44631000000.0,2176000000.0,209000000.0,20.510569852941178,0.004682843763303533,-44631000000.0,-20.510569852941178,0.004682843763303533,1.0,5.0,5.0,11.0
2019-12-31,MSFT,149.3922119140625,1198835400000.0,106061000000.0,41094000000.0,11.30326321645091,0.03427826705817996,-1198835400000.0,-11.30326321645091,0.03427826705817996,4.0,1.0,2.0,7.0
2019-12-31,NVDA,5.856022357940674,143942400000.0,11214000000.0,2411000000.0,12.835955056179776,0.01674975545773865,-143942400000.0,-12.835955056179776,0.01674975545773865,2.0,2.0,4.0,8.0
2019-12-31,AAPL,17.353375893894043,1280300057640.0,90488000000.0,55256000000.0,14.148838051896384,0.04315863275196158,-1280300057640.0,-14.148838051896384,0.04315863275196158,5.0,3.0,1.0,9.0
2019-12-31,ADBE,329.8100000000031,158968420000.0,10242773000.0,2777837000.0,15.520056922085455,0.017474143606635833,-158968420000.0,-15.520056922085455,0.017474143606635833,3.0,4.0,3.0,10.0
2019-12-31,AMD,45.85999999999967,53656200000.0,2176000000.0,209000000.0,24.65818014705882,0.003895169616931501,-53656200000.0,-24.65818014705882,0.003895169616931501,1.0,5.0,5.0,11.0
2020-01-31,MSFT,161.26206970214844,1294088460000.0,110109000000.0,44323000000.0,11.75279459444732,0.03425036337933189,-1294088460000.0,-11.75279459444732,0.03425036337933189,4.0,1.0,2.0,7.0
2020-01-31,NVDA,5.884145259857178,145149600000.0,11214000000.0,2411000000.0,12.943606206527555,0.016610448805921614,-145149600000.0,-12.943606206527555,0.016610448805921614,2.0,2.0,4.0,8.0
2020-01-31,AAPL,18.291843436446268,1349538461520.0,89531000000.0,57527000000.0,15.073421066669646,0.04262716598325527,-1349538461520.0,-15.073421066669646,0.04262716598325527,5.0,3.0,1.0,9.0
2020-01-31,ADBE,351.1400000000032,169249480000.0,10530000000.0,2951458000.0,16.07307502374169,0.017438505571774874,-169249480000.0,-16.07307502374169,0.017438505571774874,3.0,4.0,3.0,10.0
2020-01-31,AMD,46.99999999999967,54990000000.0,2176000000.0,209000000.0,25.27113970588235,0.003800691034733588,-54990000000.0,-25.27113970588235,0.003800691034733588,1.0,5.0,5.0,11.0
2020-02-28,AAPL,16.310350843080446,1191877209360.0,89531000000.0,57527000000.0,13.312452774569703,0.04826587801850005,-1191877209360.0,-13.312452774569703,0.04826587801850005,4.0,2.0,1.0,7.0
2020-02-28,MSFT,153.89434814453125,1231600020000.0,110109000000.0,44323000000.0,11.18528022232515,0.03598814491737342,-1231600020000.0,-11.18528022232515,0.03598814491737342,5.0,1.0,2.0,8.0
2020-02-28,NVDA,6.725381851196289,165780000000.0,12204000000.0,2796000000.0,13.584070796460177,0.016865725660513933,-165780000000.0,-13.584070796460177,0.016865725660513933,2.0,3.0,4.0,9.0
2020-02-28,ADBE,345.1200000000029,166002720000.0,10530000000.0,2951458000.0,15.764740740740741,0.017779576141884905,-166002720000.0,-15.764740740740741,0.017779576141884905,3.0,4.0,3.0,10.0
2020-02-28,AMD,45.47999999999967,53211600000.0,2827000000.0,341000000.0,18.822638839759463,0.006408377120778176,-53211600000.0,-18.822638839759463,0.006408377120778176,1.0,5.0,5.0,11.0
2020-03-31,AAPL,15.171919857983973,1096601062440.0,89531000000.0,57527000000.0,12.248283415129954,0.05245936920031715,-1096601062440.0,-12.248283415129954,0.05245936920031715,4.0,2.0,1.0,7.0
2020-03-31,MSFT,149.80978393554688,1195441800000.0,110109000000.0,44323000000.0,10.856894531782142,0.03707666906076063,-1195441800000.0,-10.856894531782142,0.03707666906076063,5.0,1.0,2.0,8.0
2020-03-31,ADBE,318.2400000000027,153073440000.0,10465000000.0,3232217000.0,14.627180124223603,0.021115465883565433,-153073440000.0,-14.627180124223603,0.021115465883565433,2.0,4.0,3.0,9.0
2020-03-31,NVDA,6.564262390136719,161850400000.0,12204000000.0,2796000000.0,13.26207800721075,0.017275212171239614,-161850400000.0,-13.26207800721075,0.017275212171239614,3.0,3.0,4.0,10.0
2020-03-31,AMD,45.47999999999968,53393520000.0,2827000000.0,341000000.0,18.886989741775736,0.006386542786465474,-53393520000.0,-18.886989741775736,0.006386542786465474,1.0,5.0,5.0,11.0
2020-04-30,AAPL,17.529927852271864,1267033947400.0,89531000000.0,57527000000.0,14.151902105416001,0.045402887679566524,-1267033947400.0,-14.151902105416001,0.045402887679566524,4.0,2.0,1.0,7.0
2020-04-30,MSFT,170.2327880859375,1358411800000.0,114501000000.0,46266000000.0,11.863754901703915,0.03405889142011281,-1358411800000.0,-11.863754901703915,0.03405889142011281,5.0,1.0,2.0,8.0
2020-04-30,ADBE,353.6400000000029,170100840000.0,10465000000.0,3232217000.0,16.25426086956522,0.01900176977374127,-170100840000.0,-16.25426086956522,0.01900176977374127,2.0,4.0,3.0,9.0
2020-04-30,NVDA,7.278461933135986,180118400000.0,12204000000.0,2796000000.0,14.758964274008521,0.015523122568266207,-180118400000.0,-14.758964274008521,0.015523122568266207,3.0,3.0,4.0,10.0
2020-04-30,AMD,52.38999999999964,61505860000.0,3037000000.0,487000000.0,20.252176489957193,0.007917944729168895,-61505860000.0,-20.252176489957193,0.007917944729168895,1.0,5.0,5.0,11.0
2020-05-29,AAPL,19.172115751140325,1371225711080.0,78425000000.0,57215000000.0,17.484548435830412,0.04172544281928357,-1371225711080.0,-17.484548435830412,0.04172544281928357,4.0,3.0,1.0,8.0
2020-05-29,MSFT,174.55517578125,1389035000000.0,114501000000.0,46266000000.0,12.131204094287385,0.03330801599671714,-1389035000000.0,-12.131204094287385,0.03330801599671714,5.0,1.0,2.0,8.0
2020-05-29,ADBE,386.6000000000031,185568000000.0,10465000000.0,3232217000.0,17.732250358337314,0.017417965381962407,-185568000000.0,-17.732250358337314,0.017417965381962407,2.0,4.0,3.0,9.0
2020-05-29,NVDA,8.840836524963379,218803200000.0,13099000000.0,3319000000.0,16.703809451103137,0.015168882356382356,-218803200000.0,-16.703809451103137,0.015168882356382356,3.0,2.0,4.0,9.0
2020-05-29,AMD,53.79999999999963,63161200000.0,3037000000.0,487000000.0,20.79723411261113,0.007710429820839376,-63161200000.0,-20.79723411261113,0.007710429820839376,1.0,5.0,5.0,11.0
2020-06-30,MSFT,193.85389709472656,1539756660000.0,114501000000.0,46266000000.0,13.447538973458746,0.03004760505468442,-1539756660000.0,-13.447538973458746,0.03004760505468442,4.0,1.0,2.0,7.0
2020-06-30,ADBE,435.3100000000034,208948800000.0,10881000000.0,3699624000.0,19.203087951475048,0.017705887758149366,-208948800000.0,-19.203087951475048,0.017705887758149366,2.0,3.0,3.0,8.0
2020-06-30,NVDA,9.464972496032715,234080000000.0,13099000000.0,3319000000.0,17.870066417283763,0.014178913192071086,-234080000000.0,-17.870066417283763,0.014178913192071086,3.0,2.0,4.0,9.0
2020-06-30,AAPL,21.99643925656054,1555655126400.0,78425000000.0,57215000000.0,19.836214554032516,0.03677871722918651,-1555655126400.0,-19.836214554032516,0.03677871722918651,5.0,4.0,1.0,10.0
2020-06-30,AMD,52.60999999999964,62290240000.0,3037000000.0,487000000.0,20.510451103062234,0.007818239261881155,-62290240000.0,-20.510451103062234,0.007818239261881155,1.0,5.0,5.0,11.0
2020-07-31,ADBE,444.3200000000036,213273600000.0,10881000000.0,3699624000.0,19.60055141990626,0.017346844616492618,-213273600000.0,-19.60055141990626,0.017346844616492618,2.0,2.0,3.0,7.0
2020-07-31,MSFT,195.28271484375,1551105660000.0,118304000000.0,44281000000.0,13.111185251555316,0.028548022963180986,-1551105660000.0,-13.111185251555316,0.028548022963180986,4.0,1.0,2.0,7.0
2020-07-31,AAPL,25.628746002216275,1812542913720.0,72282000000.0,58424000000.0,25.075992829750145,0.03223316786475009,-1812542913720.0,-25.075992829750145,0.03223316786475009,5.0,4.0,1.0,10.0
2020-07-31,NVDA,10.578121185302734,262279200000.0,13099000000.0,3319000000.0,20.02284143827773,0.01265445372717318,-262279200000.0,-20.02284143827773,0.01265445372717318,3.0,3.0,4.0,10.0
2020-07-31,AMD,77.42999999999948,91677120000.0,3305000000.0,609000000.0,27.738916792738276,0.0066428788338900695,-91677120000.0,-27.738916792738276,0.0066428788338900695,1.0,5.0,5.0,11.0
2020-08-31,ADBE,513.3900000000042,245913810000.0,10881000000.0,3699624000.0,22.600295009649848,0.015044392992813214,-245913810000.0,-22.600295009649848,0.015044392992813214,2.0,2.0,3.0,7.0
2020-08-31,MSFT,215.34840393066406,1706359980000.0,118304000000.0,44281000000.0,14.423518900459833,0.025950561733169574,-1706359980000.0,-14.423518900459833,0.025950561733169574,4.0,1.0,2.0,7.0
2020-08-31,AAPL,125.41088923657898,2201115542880.0,72282000000.0,58424000000.0,30.451779736033867,0.02654290465986008,-2201115542880.0,-30.451779736033867,0.02654290465986008,5.0,4.0,1.0,10.0
2020-08-31,NVDA,13.328347206115723,330506400000.0,13914000000.0,3389000000.0,23.753514445881844,0.010253961799226883,-330506400000.0,-23.753514445881844,0.010253961799226883,3.0,3.0,4.0,10.0
2020-08-31,AMD,90.81999999999935,107530879999.0,3305000000.0,609000000.0,32.53581845658094,0.0056634894088624915,-107530879999.0,-32.53581845658094,0.0056634894088624915,1.0,5.0,5.0,11.0
2020-09-30,ADBE,490.4300000000041,234915970000.0,11713000000.0,3861861000.0,20.056003585759413,0.016439329348277174,-234915970000.0,-20.056003585759413,0.016439329348277174,2.0,2.0,3.0,7.0
2020-09-30,MSFT,200.83460998535156,1589043150000.0,118304000000.0,44281000000.0,13.431863250608602,0.027866455357112234,-1589043150000.0,-13.431863250608602,0.027866455357112234,4.0,1.0,2.0,7.0
2020-09-30,AAPL,112.552968711161,1961256131390.0,72282000000.0,58424000000.0,27.133396023768018,0.029789071944720035,-1961256131390.0,-27.133396023768018,0.029789071944720035,5.0,4.0,1.0,10.0
2020-09-30,NVDA,13.487841606140137,334461600000.0,13914000000.0,3389000000.0,24.03777490297542,0.010132702827469581,-334461600000.0,-24.03777490297542,0.010132702827469581,3.0,3.0,4.0,10.0
2020-09-30,AMD,81.98999999999943,98797950000.0,3305000000.0,609000000.0,29.893479576399393,0.006164095510078903,-98797950000.0,-29.893479576399393,0.006164095510078903,1.0,5.0,5.0,11.0
2020-10-30,ADBE,447.100000000004,214160900000.0,11713000000.0,3861861000.0,18.284034833091436,0.01803252134259802,-214160900000.0,-18.284034833091436,0.01803252134259802,2.0,2.0,3.0,7.0
2020-10-30,MSFT,193.3294677734375,1529660850000.0,123392000000.0,47496000000.0,12.396758703967842,0.031050020009337365,-1529660850000.0,-12.396758703967842,0.031050020009337365,4.0,1.0,2.0,7.0
2020-10-30,AMD,75.28999999999951,90724450000.0,3867000000.0,879000000.0,23.461197310576676,0.00968867818983747,-90724450000.0,-23.461197310576676,0.00968867818983747,1.0,4.0,5.0,10.0
2020-10-30,NVDA,12.494483947753906,310242800000.0,13914000000.0,3389000000.0,22.297168319678022,0.010923702338942274,-310242800000.0,-22.297168319678022,0.010923702338942274,3.0,3.0,4.0,10.0
2020-10-30,AAPL,105.79842996198072,1843557054340.0,65339000000.0,57411000000.0,28.215262773228854,0.031141428395094255,-1843557054340.0,-28.215262773228854,0.031141428395094255,5.0,5.0,1.0,11.0
2020-11-30,MSFT,204.9409637451172,1617298850000.0,123392000000.0,47496000000.0,13.106999238200208,0.02936748517443143,-1617298850000.0,-13.106999238200208,0.02936748517443143,4.0,1.0,1.0,6.0
2020-11-30,ADBE,478.4700000000042,229187130000.0,11713000000.0,3861861000.0,19.56690258686929,0.016850252455275303,-229187130000.0,-19.56690258686929,0.016850252455275303,2.0,2.0,3.0,7.0
2020-11-30,AMD,92.6599999999994,111655300000.0,3867000000.0,879000000.0,28.873881561934315,0.007872443135256455,-111655300000.0,-28.873881561934315,0.007872443135256455,1.0,4.0,5.0,10.0
2020-11-30,NVDA,13.359246253967285,331784000000.0,15334000000.0,3826000000.0,21.637146211034302,0.011531598871554988,-331784000000.0,-21.637146211034302,0.011531598871554988,3.0,3.0,4.0,10.0
2020-11-30,AAPL,115.90168610411892,2016125916950.0,65339000000.0,57411000000.0,30.856393837524298,0.028475900000755654,-2016125916950.0,-30.856393837524298,0.028475900000755654,5.0,5.0,2.0,12.0
2020-12-31,MSFT,212.93482971191406,1676824380000.0,123392000000.0,47496000000.0,13.589409199948133,0.028324969845679365,-1676824380000.0,-13.589409199948133,0.028324969845679365,4.0,1.0,1.0,6.0
2020-12-31,ADBE,500.1200000000042,239557480000.0,11713000000.0,3861861000.0,20.452273542218048,0.016120811589769603,-239557480000.0,-20.452273542218048,0.016120811589769603,2.0,2.0,3.0,7.0
2020-12-31,AMD,91.70999999999948,111244230000.0,3867000000.0,879000000.0,28.767579519006983,0.00790153340986764,-111244230000.0,-28.767579519006983,0.00790153340986764,1.0,4.0,5.0,10.0
2020-12-31,NVDA,13.017683982849121,323365600000.0,15334000000.0,3826000000.0,21.088143993739404,0.01183180894937495,-323365600000.0,-21.088143993739404,0.01183180894937495,3.0,3.0,4.0,10.0
2020-12-31,AAPL,129.18097210546443,2223018730440.0,65339000000.0,57411000000.0,34.02284593336292,0.02582569333036465,-2223018730440.0,-34.02284593336292,0.02582569333036465,5.0,5.0,2.0,12.0
2021-01-29,MSFT,222.06802368164062,1748746440000.0,130236000000.0,51310000000.0,13.427519579839675,0.02934101755769693,-1748746440000.0,-13.427519579839675,0.02934101755769693,4.0,1.0,1.0,6.0
2021-01-29,ADBE,458.7700000000038,219750830000.0,13264000000.0,5260000000.0,16.567463057901087,0.023936200832552032,-219750830000.0,-16.567463057901087,0.023936200832552032,2.0,2.0,3.0,7.0
2021-01-29,AMD,85.63999999999955,103881320000.0,3867000000.0,879000000.0,26.86354279803465,0.008461579040389551,-103881320000.0,-26.86354279803465,0.008461579040389551,1.0,4.0,5.0,10.0
2021-01-29,NVDA,12.952619552612305,321632400000.0,15334000000.0,3826000000.0,20.975114125472807,0.011895567735091366,-321632400000.0,-20.975114125472807,0.011895567735091366,3.0,3.0,4.0,10.0
2021-01-29,AAPL,128.47027718017245,2210788692960.0,66224000000.0,63930000000.0,33.383496813239915,0.028917281965290337,-2210788692960.0,-33.383496813239915,0.028917281965290337,5.0,5.0,2.0,12.0
2021-02-26,AMD,84.50999999999954,102510630000.0,5837000000.0,2490000000.0,17.562211752612644,0.024290163859104173,-102510630000.0,-17.562211752612644,0.024290163859104173,1.0,3.0,3.0,7.0
2021-02-26,MSFT,222.9824676513672,1751912820000.0,130236000000.0,51310000000.0,13.451832212291531,0.02928798705862544,-1751912820000.0,-13.451832212291531,0.02928798705862544,4.0,1.0,2.0,7.0
2021-02-26,ADBE,459.6700000000039,220181930000.0,13264000000.0,5260000000.0,16.599964565741857,0.023889335514499305,-220181930000.0,-16.599964565741857,0.023889335514499305,2.0,2.0,4.0,8.0
2021-02-26,AAPL,118.23020098674152,2031526499760.0,66224000000.0,63930000000.0,30.676590054360958,0.03146894712303903,-2031526499760.0,-30.676590054360958,0.03146894712303903,5.0,5.0,1.0,11.0
2021-02-26,NVDA,13.675300598144531,340556400000.0,15334000000.0,3826000000.0,22.209234381113866,0.011234556155749826,-340556400000.0,-22.209234381113866,0.011234556155749826,3.0,4.0,5.0,12.0
2021-03-31,AMD,78.49999999999957,95456000000.0,5837000000.0,2490000000.0,16.353606304608533,0.026085316795172644,-95456000000.0,-16.353606304608533,0.026085316795172644,1.0,2.0,3.0,6.0
2021-03-31,MSFT,226.23536682128906,1774640790000.0,130236000000.0,51310000000.0,13.62634594121441,0.028912893408699347,-1774640790000.0,-13.62634594121441,0.028912893408699347,4.0,1.0,2.0,7.0
2021-03-31,ADBE,475.3700000000039,227226860000.0,13264000000.0,5260000000.0,17.131096200241256,0.023148671772342408,-227226860000.0,-17.131096200241256,0.023148671772342408,2.0,3.0,4.0,9.0
2021-03-31,AAPL,119.09796347130526,2031277667650.0,66224000000.0,63930000000.0,30.67283262336917,0.0314728020782905,-2031277667650.0,-30.67283262336917,0.0314728020782905,5.0,5.0,1.0,11.0
2021-03-31,NVDA,13.314691543579102,331614000000.0,16893000000.0,4332000000.0,19.6302610548748,0.013063380918779063,-331614000000.0,-19.6302610548748,0.013063380918779063,3.0,4.0,5.0,12.0
2021-04-30,AMD,81.61999999999955,99249920000.0,6477000000.0,2883000000.0,15.323439864134631,0.0290478823559757,-99249920000.0,-15.323439864134631,0.0290478823559757,1.0,2.0,3.0,6.0
2021-04-30,MSFT,241.98175048828125,1898158860000.0,134505000000.0,56015000000.0,14.112180662428907,0.02951017492814063,-1898158860000.0,-14.112180662428907,0.02951017492814063,4.0,1.0,2.0,7.0
2021-04-30,ADBE,508.340000000004,242986520000.0,13546000000.0,5566000000.0,17.937879816920123,0.022906620498947844,-242986520000.0,-17.937879816920123,0.022906620498947844,2.0,3.0,4.0,9.0
2021-04-30,AAPL,128.1753440682586,2186097111660.0,69178000000.0,76311000000.0,31.601045298505305,0.034907415408482786,-2186097111660.0,-31.601045298505305,0.034907415408482786,5.0,5.0,1.0,11.0
2021-04-30,NVDA,14.97176456451416,372848400000.0,16893000000.0,4332000000.0,22.071177410761855,0.011618663242218554,-372848400000.0,-22.071177410761855,0.011618663242218554,3.0,4.0,5.0,12.0
2021-05-28,AMD,80.07999999999957,97377280000.0,6477000000.0,2883000000.0,15.034318357264166,0.029606495478206006,-97377280000.0,-15.034318357264166,0.029606495478206006,1.0,2.0,3.0,6.0
2021-05-28,MSFT,240.13604736328125,1879341360000.0,134505000000.0,56015000000.0,13.972278800044608,0.029805654891775488,-1879341360000.0,-13.972278800044608,0.029805654891775488,4.0,1.0,2.0,7.0
2021-05-28,ADBE,504.5800000000037,241189240000.0,13546000000.0,5566000000.0,17.805200059058023,0.023077314725980312,-241189240000.0,-17.805200059058023,0.023077314725980312,2.0,3.0,4.0,9.0
2021-05-28,AAPL,121.70177583462964,2072185920310.0,69178000000.0,76311000000.0,29.95440631862731,0.036826328782594876,-2072185920310.0,-29.95440631862731,0.036826328782594876,5.0,5.0,1.0,11.0
2021-05-28,NVDA,16.20366096496582,404863199999.0,18774000000.0,5327000000.0,21.565100671087674,0.013157530741280407,-404863199999.0,-21.565100671087674,0.013157530741280407,3.0,4.0,5.0,12.0
2021-06-30,AMD,93.92999999999952,114031020000.0,6477000000.0,2883000000.0,17.6055303381195,0.025282594157274046,-114031020000.0,-17.6055303381195,0.025282594157274046,1.0,2.0,3.0,6.0
2021-06-30,MSFT,260.5449523925781,2035271699999.0,134505000000.0,56015000000.0,15.13156908664362,0.027522123950344084,-2035271699999.0,-15.13156908664362,0.027522123950344084,4.0,1.0,2.0,7.0
2021-06-30,ADBE,585.6400000000044,279350280000.0,13546000000.0,5566000000.0,20.622344603573012,0.01992480551657224,-279350280000.0,-20.622344603573012,0.01992480551657224,2.0,3.0,4.0,9.0
2021-06-30,AAPL,133.76354400377883,2258076092160.0,69178000000.0,76311000000.0,32.64153476770071,0.033794698179104965,-2258076092160.0,-32.64153476770071,0.033794698179104965,5.0,5.0,1.0,11.0
2021-06-30,NVDA,19.9567813873291,498600000000.0,18774000000.0,5327000000.0,26.558005752636625,0.010683914961893302,-498600000000.0,-26.558005752636625,0.010683914961893302,3.0,4.0,5.0,12.0
2021-07-30,AMD,106.18999999999946,128914660000.0,7065000000.0,3436000000.0,18.2469440905874,0.026653291409991696,-128914660000.0,-18.2469440905874,0.026653291409991696,1.0,2.0,3.0,6.0
2021-07-30,MSFT,274.0194396972656,2140528830000.0,141988000000.0,61271000000.0,15.07542066935234,0.028624234881246612,-2140528830000.0,-15.07542066935234,0.028624234881246612,4.0,1.0,2.0,7.0
2021-07-30,ADBE,621.6300000000044,296517510000.0,13852000000.0,5582000000.0,21.40611536240254,0.01882519517987319,-296517510000.0,-21.40611536240254,0.01882519517987319,2.0,3.0,4.0,9.0
2021-07-30,AAPL,142.45583037668789,2404811469060.0,64280000000.0,86802000000.0,37.41150387461108,0.03609513723499058,-2404811469060.0,-37.41150387461108,0.03609513723499058,5.0,5.0,1.0,11.0
2021-07-30,NVDA,19.454437255859375,486135000000.0,18774000000.0,5327000000.0,25.89405560882071,0.010957861499377745,-486135000000.0,-25.89405560882071,0.010957861499377745,3.0,4.0,5.0,12.0
2021-08-31,AMD,110.71999999999947,134414080000.0,7065000000.0,3436000000.0,19.025347487615004,0.02556279818304749,-134414080000.0,-19.025347487615004,0.02556279818304749,1.0,2.0,3.0,6.0
2021-08-31,MSFT,290.8965759277344,2268024440000.0,141988000000.0,61271000000.0,15.97335295940502,0.02701514098322503,-2268024440000.0,-15.97335295940502,0.02701514098322503,4.0,1.0,2.0,7.0
2021-08-31,ADBE,663.7000000000049,316584900000.0,13852000000.0,5582000000.0,22.85481518914236,0.01763192116869756,-316584900000.0,-22.85481518914236,0.01763192116869756,2.0,3.0,4.0,9.0
2021-08-31,AAPL,148.5097302280735,2503239581430.0,64280000000.0,86802000000.0,38.94274395504045,0.03467586588352582,-2503239581430.0,-38.94274395504045,0.03467586588352582,5.0,5.0,1.0,11.0
2021-08-31,NVDA,22.337778091430664,559526100000.0,21147000000.0,7079000000.0,26.45888778550149,0.01265177799570029,-559526100000.0,-26.45888778550149,0.01265177799570029,3.0,4.0,5.0,12.0
2021-09-30,AMD,102.89999999999958,124303200000.0,7065000000.0,3436000000.0,17.594225053078556,0.027642088055657456,-124303200000.0,-17.594225053078556,0.027642088055657456,1.0,2.0,3.0,6.0
2021-09-30,MSFT,271.662841796875,2115809600000.0,141988000000.0,61271000000.0,14.901326872693467,0.028958654880855063,-2115809600000.0,-14.901326872693467,0.028958654880855063,4.0,1.0,2.0,7.0
2021-09-30,ADBE,575.720000000004,274042720000.0,14414000000.0,5839000000.0,19.012260302483696,0.02130689696847265,-274042720000.0,-19.012260302483696,0.02130689696847265,2.0,3.0,4.0,9.0
2021-09-30,AAPL,138.4056301605242,2319428946000.0,64280000000.0,86802000000.0,36.083213223397635,0.037423866831400664,-2319428946000.0,-36.083213223397635,0.037423866831400664,5.0,5.0,1.0,11.0
2021-09-30,NVDA,20.672298431396484,517792800000.0,21147000000.0,7079000000.0,24.485402184707052,0.013671491762728258,-517792800000.0,-24.485402184707052,0.013671491762728258,3.0,4.0,5.0,12.0
2021-10-29,AMD,120.22999999999952,145237840000.0,7136000000.0,3969000000.0,20.352836322869955,0.02732758900848429,-145237840000.0,-20.352836322869955,0.02732758900848429,1.0,2.0,2.0,5.0
2021-10-29,ADBE,650.3600000000041,309571360000.0,14414000000.0,5839000000.0,21.477130567503817,0.018861563937956016,-309571360000.0,-21.477130567503817,0.018861563937956016,2.0,3.0,4.0,9.0
2021-10-29,MSFT,319.5545349121094,2488808100000.0,151978000000.0,67883000000.0,16.376107726118253,0.02727530499438667,-2488808100000.0,-16.376107726118253,0.02727530499438667,5.0,1.0,3.0,9.0
2021-10-29,AAPL,146.52412295439242,2455480255200.0,63090000000.0,94680000000.0,38.92027667142178,0.03855864847599366,-2455480255200.0,-38.92027667142178,0.03855864847599366,4.0,5.0,1.0,10.0
2021-10-29,NVDA,25.513063430786133,638994300000.0,21147000000.0,7079000000.0,30.216782522343596,0.011078346082273347,-638994300000.0,-30.216782522343596,0.011078346082273347,3.0,4.0,5.0,12.0
2021-11-30,AMD,158.36999999999938,191310960000.0,7136000000.0,3969000000.0,26.80927130044843,0.02074632838599524,-191310960000.0,-26.80927130044843,0.02074632838599524,1.0,3.0,3.0,7.0
2021-11-30,MSFT,319.144775390625,2481077950000.0,151978000000.0,67883000000.0,16.3252441142797,0.027360285072865205,-2481077950000.0,-16.3252441142797,0.027360285072865205,4.0,1.0,2.0,7.0
2021-11-30,ADBE,669.8500000000045,318848600000.0,14414000000.0,5839000000.0,22.12075759678091,0.018312766623406845,-318848600000.0,-22.12075759678091,0.018312766623406845,2.0,2.0,4.0,8.0
2021-11-30,AAPL,161.92029549626463,2709551977200.0,63090000000.0,94680000000.0,42.94740810271041,0.03494304622930339,-2709551977200.0,-42.94740810271041,0.03494304622930339,5.0,5.0,1.0,11.0
2021-11-30,NVDA,32.6070671081543,818307200000.0,23798000000.0,8207000000.0,34.38554500378183,0.010029240852335163,-818307200000.0,-34.38554500378183,0.010029240852335163,3.0,4.0,5.0,12.0
